date,hour,price_eur_mwh
2026-04-21,0,22.7925
2026-04-21,1,19.52
2026-04-21,2,19.2325
2026-04-21,3,17.355
2026-04-21,4,12.1725
2026-04-21,5,12.785
2026-04-21,6,49.379999999999995
2026-04-21,7,63.45
2026-04-21,8,33.4725
2026-04-21,9,17.475
2026-04-21,10,2.2225
2026-04-21,11,-0.0075
2026-04-21,12,-0.01
2026-04-21,13,-0.07
2026-04-21,14,-0.10500000000000001
2026-04-21,15,-0.1075
2026-04-21,16,-0.0925
2026-04-21,17,-0.009999999999999998
2026-04-21,18,5.0
2026-04-21,19,26.6175
2026-04-21,20,35.4225
2026-04-21,21,15.7175
2026-04-21,22,23.967499999999998
2026-04-21,23,20.740000000000002
2026-04-22,0,17.86
2026-04-22,1,18.2025
2026-04-22,2,10.977500000000001
2026-04-22,3,0.02
2026-04-22,4,0.0
2026-04-22,5,9.1675
2026-04-22,6,19.0
2026-04-22,7,31.745
2026-04-22,8,33.21
2026-04-22,9,10.879999999999999
2026-04-22,10,-0.0025
2026-04-22,11,-0.009999999999999995
2026-04-22,12,-3.6975
2026-04-22,13,-17.46
2026-04-22,14,-16.5325
2026-04-22,15,-3.385
2026-04-22,16,-0.295
2026-04-22,17,-0.0025
2026-04-22,18,10.2625
2026-04-22,19,39.265
2026-04-22,20,32.995
2026-04-22,21,30.4475
2026-04-22,22,29.52
2026-04-22,23,22.405
2026-04-23,0,66.31
2026-04-23,1,47.1575
2026-04-23,2,30.229999999999997
2026-04-23,3,19.32
2026-04-23,4,15.815
2026-04-23,5,27.145
2026-04-23,6,55.6075
2026-04-23,7,82.7125
2026-04-23,8,79.9925
2026-04-23,9,30.6125
2026-04-23,10,2.3600000000000003
2026-04-23,11,-3.6375
2026-04-23,12,-27.8375
2026-04-23,13,-48.97
2026-04-23,14,-48.04
2026-04-23,15,-22.025000000000002
2026-04-23,16,-1.8075
2026-04-23,17,0.7525
2026-04-23,18,12.7
2026-04-23,19,44.832499999999996
2026-04-23,20,36.160000000000004
2026-04-23,21,33.269999999999996
2026-04-23,22,39.11
2026-04-23,23,27.395
2026-04-24,0,20.8625
2026-04-24,1,20.795
2026-04-24,2,16.2825
2026-04-24,3,13.565000000000001
2026-04-24,4,13.32
2026-04-24,5,19.119999999999997
2026-04-24,6,37.355
2026-04-24,7,53.4675
2026-04-24,8,57.96
2026-04-24,9,22.845
2026-04-24,10,8.7975
2026-04-24,11,-0.035
2026-04-24,12,-6.9075
2026-04-24,13,-26.035
2026-04-24,14,-29.8125
2026-04-24,15,-16.485
2026-04-24,16,-1.555
2026-04-24,17,10.8875
2026-04-24,18,26.6525
2026-04-24,19,59.9375
2026-04-24,20,66.8
2026-04-24,21,64.7025
2026-04-24,22,61.5875
2026-04-24,23,57.845
2026-04-25,0,55.239999999999995
2026-04-25,1,62.62
2026-04-25,2,50.455
2026-04-25,3,38.8925
2026-04-25,4,44.01
2026-04-25,5,49.9975
2026-04-25,6,41.1475
2026-04-25,7,29.47
2026-04-25,8,18.6525
2026-04-25,9,6.9725
2026-04-25,10,-5.7625
2026-04-25,11,-42.045
2026-04-25,12,-99.80000000000001
2026-04-25,13,-174.855
2026-04-25,14,-188.9825
2026-04-25,15,-132.905
2026-04-25,16,-53.195
2026-04-25,17,-3.3
2026-04-25,18,14.747499999999999
2026-04-25,19,52.5725
2026-04-25,20,60.0
2026-04-25,21,65.95
2026-04-25,22,75.5375
2026-04-25,23,66.13
2026-04-26,0,41.5675
2026-04-26,1,30.3925
2026-04-26,2,23.4275
2026-04-26,3,16.5325
2026-04-26,4,16.5325
2026-04-26,5,19.192500000000003
2026-04-26,6,17.1975
2026-04-26,7,13.530000000000001
2026-04-26,8,12.620000000000001
2026-04-26,9,0.10250000000000005
2026-04-26,10,-28.185000000000002
2026-04-26,11,-126.825
2026-04-26,12,-259.3425
2026-04-26,13,-412.55
2026-04-26,14,-412.25
2026-04-26,15,-234.5725
2026-04-26,16,-37.0825
2026-04-26,17,-0.002500000000000028
2026-04-26,18,8.7025
2026-04-26,19,31.305
2026-04-26,20,43.0475
2026-04-26,21,79.8025
2026-04-26,22,95.0775
2026-04-26,23,81.8
2026-04-27,0,49.665
2026-04-27,1,43.114999999999995
2026-04-27,2,34.1975
2026-04-27,3,23.59
2026-04-27,4,26.7025
2026-04-27,5,66.3425
2026-04-27,6,89.45
2026-04-27,7,99.9075
2026-04-27,8,82.66250000000001
2026-04-27,9,24.7975
2026-04-27,10,4.6875
2026-04-27,11,-0.0075
2026-04-27,12,-0.0975
2026-04-27,13,-0.83
2026-04-27,14,-0.1625
2026-04-27,15,-0.0075
2026-04-27,16,-0.002499999999999999
2026-04-27,17,7.1675
2026-04-27,18,28.4475
2026-04-27,19,63.85
2026-04-27,20,72.6125
2026-04-27,21,62.75
2026-04-27,22,65.5
2026-04-27,23,41.51
2026-04-28,0,59.0375
2026-04-28,1,39.715
2026-04-28,2,27.345
2026-04-28,3,23.4875
2026-04-28,4,20.145
2026-04-28,5,18.1075
2026-04-28,6,11.235
2026-04-28,7,23.88
2026-04-28,8,70.0
2026-04-28,9,43.964999999999996
2026-04-28,10,9.4975
2026-04-28,11,-0.010000000000000002
2026-04-28,12,-1.0425
2026-04-28,13,-21.5025
2026-04-28,14,-10.302499999999998
2026-04-28,15,-2.42
2026-04-28,16,-2.4050000000000002
2026-04-28,17,-0.0049999999999999975
2026-04-28,18,28.2625
2026-04-28,19,46.4975
2026-04-28,20,29.9625
2026-04-28,21,18.0075
2026-04-28,22,17.39
2026-04-28,23,3.4325
2026-04-29,0,23.7425
2026-04-29,1,20.4525
2026-04-29,2,4.48
2026-04-29,3,0.0024999999999999996
2026-04-29,4,-0.0025
2026-04-29,5,6.675
2026-04-29,6,5.7725
2026-04-29,7,35.9825
2026-04-29,8,18.752499999999998
2026-04-29,9,0.735
2026-04-29,10,-0.007499999999999978
2026-04-29,11,-4.6425
2026-04-29,12,-25.49
2026-04-29,13,-48.6325
2026-04-29,14,-44.6025
2026-04-29,15,-29.5775
2026-04-29,16,-10.945
2026-04-29,17,-0.010000000000000004
2026-04-29,18,8.07
2026-04-29,19,29.5
2026-04-29,20,19.8175
2026-04-29,21,22.615000000000002
2026-04-29,22,27.075000000000003
2026-04-29,23,19.86
2026-04-30,0,20.25
2026-04-30,1,13.6125
2026-04-30,2,13.8075
2026-04-30,3,1.0
2026-04-30,4,3.2
2026-04-30,5,4.8999999999999995
2026-04-30,6,16.33
2026-04-30,7,13.0825
2026-04-30,8,9.685
2026-04-30,9,9.865
2026-04-30,10,0.005000000000000018
2026-04-30,11,-2.9075
2026-04-30,12,-13.495000000000001
2026-04-30,13,-30.61
2026-04-30,14,-25.8575
2026-04-30,15,-10.5825
2026-04-30,16,-0.995
2026-04-30,17,3.1550000000000002
2026-04-30,18,27.3875
2026-04-30,19,53.182500000000005
2026-04-30,20,42.9625
2026-04-30,21,34.6525
2026-04-30,22,48.7575
2026-04-30,23,46.73
2026-05-01,0,45.2125
2026-05-01,1,40.730000000000004
2026-05-01,2,28.5975
2026-05-01,3,25.085
2026-05-01,4,20.5925
2026-05-01,5,14.61
2026-05-01,6,12.5775
2026-05-01,7,10.1
2026-05-01,8,9.015
2026-05-01,9,-0.02500000000000002
2026-05-01,10,-20.93
2026-05-01,11,-107.2675
2026-05-01,12,-316.0
2026-05-01,13,-496.86249999999995
2026-05-01,14,-471.0625
2026-05-01,15,-203.315
2026-05-01,16,-25.8825
2026-05-01,17,-0.3925
2026-05-01,18,11.205
2026-05-01,19,55.7125
2026-05-01,20,80.0
2026-05-01,21,93.1525
2026-05-01,22,103.89
2026-05-01,23,97.8325
2026-05-02,0,87.325
2026-05-02,1,84.9425
2026-05-02,2,70.35
2026-05-02,3,47.6
2026-05-02,4,54.5125
2026-05-02,5,49.57
2026-05-02,6,37.0
2026-05-02,7,39.447500000000005
2026-05-02,8,26.465
2026-05-02,9,2.305
2026-05-02,10,-1.8925
2026-05-02,11,-18.595
2026-05-02,12,-65.0425
2026-05-02,13,-114.97999999999999
2026-05-02,14,-76.8275
2026-05-02,15,-12.8775
2026-05-02,16,-0.03
2026-05-02,17,2.5925
2026-05-02,18,12.745000000000001
2026-05-02,19,52.125
2026-05-02,20,73.2075
2026-05-02,21,90.605
2026-05-02,22,90.85249999999999
2026-05-02,23,82.875
2026-05-03,0,72.865
2026-05-03,1,53.7
2026-05-03,2,14.592500000000001
2026-05-03,3,18.8375
2026-05-03,4,18.8
2026-05-03,5,19.4525
2026-05-03,6,12.942499999999999
2026-05-03,7,14.7975
2026-05-03,8,35.97
2026-05-03,9,18.9625
2026-05-03,10,4.1975
2026-05-03,11,0.3375
2026-05-03,12,0.0075
2026-05-03,13,-2.6275
2026-05-03,14,-0.055
2026-05-03,15,-0.01
2026-05-03,16,-0.005
2026-05-03,17,3.475
2026-05-03,18,18.247500000000002
2026-05-03,19,68.695
2026-05-03,20,96.42
2026-05-03,21,103.06
2026-05-03,22,105.2725
2026-05-03,23,97.33
2026-05-04,0,114.82249999999999
2026-05-04,1,105.12
2026-05-04,2,97.445
2026-05-04,3,94.2
2026-05-04,4,94.675
2026-05-04,5,101.41499999999999
2026-05-04,6,114.625
2026-05-04,7,133.94750000000002
2026-05-04,8,132.9325
2026-05-04,9,125.49
2026-05-04,10,121.5225
2026-05-04,11,114.3325
2026-05-04,12,107.085
2026-05-04,13,98.75999999999999
2026-05-04,14,110.69749999999999
2026-05-04,15,110.97
2026-05-04,16,88.89
2026-05-04,17,72.0
2026-05-04,18,91.0875
2026-05-04,19,135.6475
2026-05-04,20,109.81
2026-05-04,21,133.79500000000002
2026-05-04,22,141.59
2026-05-04,23,122.35000000000001
2026-05-05,0,107.99000000000001
2026-05-05,1,102.28
2026-05-05,2,89.6875
2026-05-05,3,87.775
2026-05-05,4,90.4175
2026-05-05,5,95.515
2026-05-05,6,103.125
2026-05-05,7,118.8
2026-05-05,8,113.65
2026-05-05,9,112.21000000000001
2026-05-05,10,110.4475
2026-05-05,11,85.89
2026-05-05,12,77.7275
2026-05-05,13,63.295
2026-05-05,14,69.64
2026-05-05,15,59.7975
2026-05-05,16,30.005
2026-05-05,17,49.050000000000004
2026-05-05,18,97.205
2026-05-05,19,136.9975
2026-05-05,20,102.11
2026-05-05,21,100.69
2026-05-05,22,107.115
2026-05-05,23,97.9225
2026-05-06,0,114.9075
2026-05-06,1,108.42
2026-05-06,2,100.62
2026-05-06,3,98.7525
2026-05-06,4,96.08500000000001
2026-05-06,5,93.8
2026-05-06,6,117.75
2026-05-06,7,124.23
2026-05-06,8,123.00750000000001
2026-05-06,9,123.1
2026-05-06,10,111.0275
2026-05-06,11,110.69
2026-05-06,12,106.8625
2026-05-06,13,90.1475
2026-05-06,14,92.0
2026-05-06,15,92.7075
2026-05-06,16,86.4975
2026-05-06,17,79.12
2026-05-06,18,117.82
2026-05-06,19,153.3075
2026-05-06,20,152.885
2026-05-06,21,154.745
2026-05-06,22,144.0
2026-05-06,23,129.055
2026-05-07,0,125.205
2026-05-07,1,116.4975
2026-05-07,2,113.84
2026-05-07,3,108.765
2026-05-07,4,108.12
2026-05-07,5,114.83
2026-05-07,6,123.52499999999999
2026-05-07,7,134.54
2026-05-07,8,145.145
2026-05-07,9,96.325
2026-05-07,10,61.2475
2026-05-07,11,58.405
2026-05-07,12,53.2
2026-05-07,13,37.415
2026-05-07,14,45.7775
2026-05-07,15,40.7725
2026-05-07,16,38.26
2026-05-07,17,53.714999999999996
2026-05-07,18,98.05250000000001
2026-05-07,19,147.26
2026-05-07,20,128.52
2026-05-07,21,145.1475
2026-05-07,22,145.01
2026-05-07,23,125.755
2026-05-08,0,108.69749999999999
2026-05-08,1,105.53999999999999
2026-05-08,2,98.15
2026-05-08,3,72.99000000000001
2026-05-08,4,57.345
2026-05-08,5,67.99
2026-05-08,6,102.2375
2026-05-08,7,80.815
2026-05-08,8,46.8975
2026-05-08,9,23.990000000000002
2026-05-08,10,2.7525
2026-05-08,11,0.01
2026-05-08,12,2.0425
2026-05-08,13,0.0125
2026-05-08,14,0.0
2026-05-08,15,0.0
2026-05-08,16,0.0
2026-05-08,17,4.5675
2026-05-08,18,32.11
2026-05-08,19,72.75
2026-05-08,20,94.285
2026-05-08,21,91.8
2026-05-08,22,95.3625
2026-05-08,23,75.7775
2026-05-09,0,60.0125
2026-05-09,1,51.0875
2026-05-09,2,42.8525
2026-05-09,3,26.852500000000003
2026-05-09,4,34.1675
2026-05-09,5,30.975
2026-05-09,6,32.0775
2026-05-09,7,35.3925
2026-05-09,8,32.6
2026-05-09,9,22.372500000000002
2026-05-09,10,9.9325
2026-05-09,11,-0.0075
2026-05-09,12,-0.0225
2026-05-09,13,-0.095
2026-05-09,14,-0.0125
2026-05-09,15,0.0
2026-05-09,16,0.0925
2026-05-09,17,0.615
2026-05-09,18,22.1
2026-05-09,19,41.93
2026-05-09,20,65.2
2026-05-09,21,65.25
2026-05-09,22,68.885
2026-05-09,23,65.83500000000001
2026-05-10,0,39.644999999999996
2026-05-10,1,33.7575
2026-05-10,2,18.065
2026-05-10,3,14.47
2026-05-10,4,13.370000000000001
2026-05-10,5,13.985
2026-05-10,6,10.42
2026-05-10,7,15.62
2026-05-10,8,12.405000000000001
2026-05-10,9,11.180000000000001
2026-05-10,10,0.0125
2026-05-10,11,-0.015
2026-05-10,12,-0.0625
2026-05-10,13,-0.5575
2026-05-10,14,-0.54
2026-05-10,15,-0.2525
2026-05-10,16,2.5475
2026-05-10,17,2.815
2026-05-10,18,17.8525
2026-05-10,19,26.8525
2026-05-10,20,52.0225
2026-05-10,21,73.7975
2026-05-10,22,86.215
2026-05-10,23,65.69749999999999
2026-05-11,0,19.509999999999998
2026-05-11,1,32.5975
2026-05-11,2,17.3375
2026-05-11,3,1.7049999999999998
2026-05-11,4,14.9975
2026-05-11,5,13.405
2026-05-11,6,32.13
2026-05-11,7,52.23
2026-05-11,8,64.82
2026-05-11,9,33.7525
2026-05-11,10,16.995
2026-05-11,11,4.145
2026-05-11,12,3.83
2026-05-11,13,1.275
2026-05-11,14,1.2575
2026-05-11,15,0.675
2026-05-11,16,0.1275
2026-05-11,17,1.195
2026-05-11,18,25.015
2026-05-11,19,77.5
2026-05-11,20,120.8525
2026-05-11,21,122.245
2026-05-11,22,120.8525
2026-05-11,23,109.85
2026-05-12,0,99.34
2026-05-12,1,85.69500000000001
2026-05-12,2,64.28
2026-05-12,3,69.4725
2026-05-12,4,81.69
2026-05-12,5,88.85
2026-05-12,6,110.6225
2026-05-12,7,122.7375
2026-05-12,8,112.145
2026-05-12,9,94.075
2026-05-12,10,43.43
2026-05-12,11,18.8
2026-05-12,12,15.5275
2026-05-12,13,2.9225
2026-05-12,14,1.0125
2026-05-12,15,0.26
2026-05-12,16,0.2925
2026-05-12,17,15.094999999999999
2026-05-12,18,74.03999999999999
2026-05-12,19,111.365
2026-05-12,20,107.11
2026-05-12,21,123.47
2026-05-12,22,121.6575
2026-05-12,23,107.155
2026-05-13,0,69.2
2026-05-13,1,81.655
2026-05-13,2,55.894999999999996
2026-05-13,3,32.0125
2026-05-13,4,36.6075
2026-05-13,5,38.7075
2026-05-13,6,44.07
2026-05-13,7,75.6
2026-05-13,8,66.8925
2026-05-13,9,14.64
2026-05-13,10,-0.0025
2026-05-13,11,-0.01
2026-05-13,12,-0.01
2026-05-13,13,-0.01
2026-05-13,14,-0.01
2026-05-13,15,-0.0325
2026-05-13,16,-0.07
2026-05-13,17,-0.01
2026-05-13,18,1.715
2026-05-13,19,35.0925
2026-05-13,20,66.49
2026-05-13,21,62.0825
2026-05-13,22,80.055
2026-05-13,23,81.60249999999999
2026-05-14,0,10.4025
2026-05-14,1,13.47
2026-05-14,2,16.5425
2026-05-14,3,1.7874999999999999
2026-05-14,4,6.0125
2026-05-14,5,4.325
2026-05-14,6,12.2225
2026-05-14,7,39.365
2026-05-14,8,22.725
2026-05-14,9,12.17
2026-05-14,10,2.075
2026-05-14,11,0.1325
2026-05-14,12,9.7675
2026-05-14,13,4.0025
2026-05-14,14,0.8450000000000001
2026-05-14,15,0.0
2026-05-14,16,-0.0075
2026-05-14,17,-0.0025
2026-05-14,18,15.5
2026-05-14,19,42.375
2026-05-14,20,82.3325
2026-05-14,21,98.0525
2026-05-14,22,98.67
2026-05-14,23,91.97749999999999
2026-05-15,0,80.78999999999999
2026-05-15,1,70.30250000000001
2026-05-15,2,62.155
2026-05-15,3,49.29
2026-05-15,4,41.2
2026-05-15,5,47.5
2026-05-15,6,67.4225
2026-05-15,7,73.3
2026-05-15,8,59.370000000000005
2026-05-15,9,46.5975
2026-05-15,10,19.9375
2026-05-15,11,6.0275
2026-05-15,12,13.0225
2026-05-15,13,3.075
2026-05-15,14,4.3100000000000005
2026-05-15,15,0.0025
2026-05-15,16,-0.0025
2026-05-15,17,0.0
2026-05-15,18,14.842500000000001
2026-05-15,19,39.605000000000004
2026-05-15,20,63.45
2026-05-15,21,87.82
2026-05-15,22,92.84
2026-05-15,23,84.055
2026-05-16,0,98.17750000000001
2026-05-16,1,82.2
2026-05-16,2,75.3325
2026-05-16,3,69.995
2026-05-16,4,64.975
2026-05-16,5,65.23
2026-05-16,6,68.5625
2026-05-16,7,67.4175
2026-05-16,8,55.847500000000004
2026-05-16,9,19.2375
2026-05-16,10,2.9299999999999997
2026-05-16,11,0.0
2026-05-16,12,0.6425000000000001
2026-05-16,13,-0.0425
2026-05-16,14,-0.105
2026-05-16,15,-0.01
2026-05-16,16,-0.01
2026-05-16,17,-0.005
2026-05-16,18,25.9025
2026-05-16,19,78.9975
2026-05-16,20,81.045
2026-05-16,21,101.1525
2026-05-16,22,111.44
2026-05-16,23,100.66
2026-05-17,0,94.0
2026-05-17,1,87.2175
2026-05-17,2,76.1575
2026-05-17,3,66.035
2026-05-17,4,70.0
2026-05-17,5,70.4825
2026-05-17,6,68.33
2026-05-17,7,58.9725
2026-05-17,8,33.095
2026-05-17,9,10.885
2026-05-17,10,3.49
2026-05-17,11,0.56
2026-05-17,12,1.225
2026-05-17,13,0.0
2026-05-17,14,0.0
2026-05-17,15,0.0
2026-05-17,16,0.0
2026-05-17,17,2.76
2026-05-17,18,44.675
2026-05-17,19,82.03
2026-05-17,20,101.7075
2026-05-17,21,114.9675
2026-05-17,22,119.005
2026-05-17,23,107.50999999999999
2026-05-18,0,93.0125
2026-05-18,1,87.225
2026-05-18,2,83.26
2026-05-18,3,79.37
2026-05-18,4,81.165
2026-05-18,5,87.03999999999999
2026-05-18,6,100.78999999999999
2026-05-18,7,111.885
2026-05-18,8,101.0375
2026-05-18,9,75.9425
2026-05-18,10,60.8975
2026-05-18,11,53.2775
2026-05-18,12,62.0375
2026-05-18,13,45.3875
2026-05-18,14,48.29
2026-05-18,15,36.345
2026-05-18,16,25.884999999999998
2026-05-18,17,36.1125
2026-05-18,18,64.715
2026-05-18,19,103.545
2026-05-18,20,105.63
2026-05-18,21,129.085
2026-05-18,22,125.6975
2026-05-18,23,106.175
2026-05-19,0,95.3475
2026-05-19,1,74.865
2026-05-19,2,65.9625
2026-05-19,3,61.4675
2026-05-19,4,50.2975
2026-05-19,5,59.955
2026-05-19,6,61.89
2026-05-19,7,77.27000000000001
2026-05-19,8,71.27
2026-05-19,9,72.22
2026-05-19,10,18.0975
2026-05-19,11,0.20249999999999999
2026-05-19,12,3.9775
2026-05-19,13,0.0
2026-05-19,14,0.0
2026-05-19,15,0.0
2026-05-19,16,0.0
2026-05-19,17,0.025
2026-05-19,18,8.3
2026-05-19,19,47.71
2026-05-19,20,74.07
2026-05-19,21,64.7575
2026-05-19,22,91.3925
2026-05-19,23,82.645
2026-05-20,0,69.77
2026-05-20,1,74.6075
2026-05-20,2,50.0
2026-05-20,3,24.995
2026-05-20,4,16.3075
2026-05-20,5,35.0875
2026-05-20,6,57.1425
2026-05-20,7,83.09
2026-05-20,8,79.0
2026-05-20,9,28.6425
2026-05-20,10,0.33999999999999997
2026-05-20,11,-0.0025
2026-05-20,12,-0.0075
2026-05-20,13,-0.01
2026-05-20,14,-0.01
2026-05-20,15,-0.01
2026-05-20,16,-0.01
2026-05-20,17,-0.0025
2026-05-20,18,28.455
2026-05-20,19,76.825
2026-05-20,20,102.02250000000001
2026-05-20,21,129.17
2026-05-20,22,132.065
2026-05-20,23,117.36
2026-05-21,0,112.1875
2026-05-21,1,99.3125
2026-05-21,2,96.02
2026-05-21,3,87.24
2026-05-21,4,83.03999999999999
2026-05-21,5,92.52
2026-05-21,6,97.385
2026-05-21,7,106.2525
2026-05-21,8,78.3575
2026-05-21,9,15.127500000000001
2026-05-21,10,0.0
2026-05-21,11,-0.01
2026-05-21,12,0.0
2026-05-21,13,-0.01
2026-05-21,14,-0.01
2026-05-21,15,-0.01
2026-05-21,16,-0.01
2026-05-21,17,0.02
2026-05-21,18,47.4425
2026-05-21,19,88.2225
2026-05-21,20,103.2025
2026-05-21,21,123.1975
2026-05-21,22,119.545
2026-05-21,23,103.72999999999999
2026-05-22,0,110.36
2026-05-22,1,97.845
2026-05-22,2,84.4275
2026-05-22,3,82.12
2026-05-22,4,81.775
2026-05-22,5,88.22
2026-05-22,6,102.06
2026-05-22,7,104.37
2026-05-22,8,75.36749999999999
2026-05-22,9,23.17
2026-05-22,10,0.7625000000000001
2026-05-22,11,0.0
2026-05-22,12,-0.0025
2026-05-22,13,-0.01
2026-05-22,14,-0.01
2026-05-22,15,-0.01
2026-05-22,16,-0.0075
2026-05-22,17,0.1275
2026-05-22,18,48.099999999999994
2026-05-22,19,82.94
2026-05-22,20,105.0
2026-05-22,21,116.42
2026-05-22,22,120.005
2026-05-22,23,111.33500000000001
2026-05-23,0,103.48
2026-05-23,1,80.44
2026-05-23,2,61.057500000000005
2026-05-23,3,46.875
2026-05-23,4,50.0
2026-05-23,5,45.67
2026-05-23,6,45.4975
2026-05-23,7,49.2175
2026-05-23,8,21.169999999999998
2026-05-23,9,1.6
2026-05-23,10,-0.3325
2026-05-23,11,-3.865
2026-05-23,12,-12.285
2026-05-23,13,-31.55
2026-05-23,14,-18.2625
2026-05-23,15,-4.0
2026-05-23,16,-0.29500000000000004
2026-05-23,17,-0.0075
2026-05-23,18,11.01
2026-05-23,19,38.4525
2026-05-23,20,62.46
2026-05-23,21,94.89500000000001
2026-05-23,22,103.5325
2026-05-23,23,78.945
2026-05-24,0,64.0675
2026-05-24,1,43.63
2026-05-24,2,35.02
2026-05-24,3,32.04
2026-05-24,4,27.615000000000002
2026-05-24,5,30.305
2026-05-24,6,29.7025
2026-05-24,7,26.4775
2026-05-24,8,8.6925
2026-05-24,9,-0.0275
2026-05-24,10,-2.5025
2026-05-24,11,-13.7625
2026-05-24,12,-37.355000000000004
2026-05-24,13,-75.37
2026-05-24,14,-61.287499999999994
2026-05-24,15,-23.335
2026-05-24,16,-1.9575
2026-05-24,17,-0.005
2026-05-24,18,13.747499999999999
2026-05-24,19,26.5275
2026-05-24,20,54.227500000000006
2026-05-24,21,84.85499999999999
2026-05-24,22,89.7975
2026-05-24,23,69.2825
2026-05-25,0,37.9775
2026-05-25,1,34.5675
2026-05-25,2,24.37
2026-05-25,3,24.3425
2026-05-25,4,22.38
2026-05-25,5,26.9
2026-05-25,6,40.14
2026-05-25,7,32.335
2026-05-25,8,18.9325
2026-05-25,9,5.0
2026-05-25,10,-0.13999999999999999
2026-05-25,11,-1.7425
2026-05-25,12,-2.2125
2026-05-25,13,-15.89
2026-05-25,14,-9.7425
2026-05-25,15,-1.915
2026-05-25,16,0.3425
2026-05-25,17,11.02
2026-05-25,18,31.7025
2026-05-25,19,53.41
2026-05-25,20,88.11
2026-05-25,21,108.095
2026-05-25,22,108.6525
2026-05-25,23,89.96000000000001
2026-05-26,0,92.855
2026-05-26,1,87.265
2026-05-26,2,73.4025
2026-05-26,3,70.0
2026-05-26,4,77.21
2026-05-26,5,83.525
2026-05-26,6,104.235
2026-05-26,7,105.58500000000001
2026-05-26,8,77.8525
2026-05-26,9,27.082500000000003
2026-05-26,10,0.9700000000000001
2026-05-26,11,-0.005
2026-05-26,12,-0.01
2026-05-26,13,-0.105
2026-05-26,14,-0.17
2026-05-26,15,-0.015
2026-05-26,16,0.0
2026-05-26,17,20.63
2026-05-26,18,79.045
2026-05-26,19,126.59
2026-05-26,20,142.34
2026-05-26,21,151.20749999999998
2026-05-26,22,149.99
2026-05-26,23,129.4925
2026-05-27,0,134.02
2026-05-27,1,124.4375
2026-05-27,2,114.0325
2026-05-27,3,101.3775
2026-05-27,4,98.36
2026-05-27,5,107.93
2026-05-27,6,115.5325
2026-05-27,7,124.29
2026-05-27,8,103.005
2026-05-27,9,42.544999999999995
2026-05-27,10,3.96
2026-05-27,11,0.28
2026-05-27,12,0.0
2026-05-27,13,-0.005
2026-05-27,14,-0.0075
2026-05-27,15,0.23
2026-05-27,16,4.3125
2026-05-27,17,29.265
2026-05-27,18,74.4225
2026-05-27,19,127.08500000000001
2026-05-27,20,129.8225
2026-05-27,21,142.60250000000002
2026-05-27,22,136.275
2026-05-27,23,120.13
2026-05-28,0,109.97
2026-05-28,1,107.45
2026-05-28,2,95.77250000000001
2026-05-28,3,85.68
2026-05-28,4,100.8025
2026-05-28,5,113.7525
2026-05-28,6,126.895
2026-05-28,7,122.6325
2026-05-28,8,104.15
2026-05-28,9,52.7175
2026-05-28,10,17.7575
2026-05-28,11,0.5675
2026-05-28,12,0.01
2026-05-28,13,0.005
2026-05-28,14,0.0075
2026-05-28,15,1.3
2026-05-28,16,20.66
2026-05-28,17,54.010000000000005
2026-05-28,18,117.56
2026-05-28,19,147.815
2026-05-28,20,134.20250000000001
2026-05-28,21,159.6
2026-05-28,22,155.215
2026-05-28,23,134.9825
2026-05-29,0,132.61
2026-05-29,1,125.735
2026-05-29,2,120.6725
2026-05-29,3,114.84
2026-05-29,4,111.1925
2026-05-29,5,117.845
2026-05-29,6,126.36
2026-05-29,7,125.995
2026-05-29,8,108.58
2026-05-29,9,61.7
2026-05-29,10,15.915
2026-05-29,11,2.2475
2026-05-29,12,0.545
2026-05-29,13,0.1975
2026-05-29,14,0.84
2026-05-29,15,1.55
2026-05-29,16,7.7075
2026-05-29,17,62.535
2026-05-29,18,102.35249999999999
2026-05-29,19,138.95999999999998
2026-05-29,20,126.94
2026-05-29,21,150.195
2026-05-29,22,152.4475
2026-05-29,23,127.6125
2026-05-30,0,123.305
2026-05-30,1,111.8625
2026-05-30,2,99.06
2026-05-30,3,88.27
2026-05-30,4,85.7975
2026-05-30,5,89.69749999999999
2026-05-30,6,95.0
2026-05-30,7,84.9975
2026-05-30,8,61.682500000000005
2026-05-30,9,21.715
2026-05-30,10,2.96
2026-05-30,11,-0.005
2026-05-30,12,-0.01
2026-05-30,13,-0.08
2026-05-30,14,-0.10500000000000001
2026-05-30,15,-0.01
2026-05-30,16,3.0075
2026-05-30,17,13.47
2026-05-30,18,44.2575
2026-05-30,19,81.4
2026-05-30,20,96.775
2026-05-30,21,109.0425
2026-05-30,22,114.49000000000001
2026-05-30,23,107.9
2026-05-31,0,100.4725
2026-05-31,1,93.405
2026-05-31,2,65.485
2026-05-31,3,38.05
2026-05-31,4,31.3475
2026-05-31,5,29.785
2026-05-31,6,21.52
2026-05-31,7,24.3725
2026-05-31,8,19.572499999999998
2026-05-31,9,2.2525
2026-05-31,10,2.14
2026-05-31,11,0.0
2026-05-31,12,-0.005
2026-05-31,13,-0.01
2026-05-31,14,-0.01
2026-05-31,15,-0.0025
2026-05-31,16,-0.01
2026-05-31,17,-0.005
2026-05-31,18,3.97
2026-05-31,19,31.9075
2026-05-31,20,65.495
2026-05-31,21,86.08250000000001
2026-05-31,22,101.6525
2026-05-31,23,91.5025
2026-06-01,0,68.16
2026-06-01,1,49.8075
2026-06-01,2,39.8575
2026-06-01,3,17.7025
2026-06-01,4,31.2025
2026-06-01,5,35.6275
2026-06-01,6,67.925
2026-06-01,7,122.58
2026-06-01,8,100.1325
2026-06-01,9,44.14
2026-06-01,10,18.77
2026-06-01,11,11.0275
2026-06-01,12,9.129999999999999
2026-06-01,13,2.045
2026-06-01,14,4.28
2026-06-01,15,1.2725
2026-06-01,16,2.085
2026-06-01,17,13.8675
2026-06-01,18,45.09
2026-06-01,19,113.19500000000001
2026-06-01,20,118.505
2026-06-01,21,138.3475
2026-06-01,22,145.28
2026-06-01,23,127.785
2026-06-02,0,86.7625
2026-06-02,1,63.1975
2026-06-02,2,30.4
2026-06-02,3,22.447499999999998
2026-06-02,4,20.4025
2026-06-02,5,28.487499999999997
2026-06-02,6,25.4625
2026-06-02,7,51.78
2026-06-02,8,64.9075
2026-06-02,9,29.1575
2026-06-02,10,2.595
2026-06-02,11,0.13
2026-06-02,12,0.0
2026-06-02,13,-0.01
2026-06-02,14,-0.01
2026-06-02,15,-0.02
2026-06-02,16,-0.0825
2026-06-02,17,-0.01
2026-06-02,18,0.5025
2026-06-02,19,7.8325000000000005
2026-06-02,20,20.8275
2026-06-02,21,26.735
2026-06-02,22,40.0025
2026-06-02,23,32.875
2026-06-03,0,0.0
2026-06-03,1,22.552500000000002
2026-06-03,2,20.6925
2026-06-03,3,6.47
2026-06-03,4,2.8775
2026-06-03,5,16.2825
2026-06-03,6,17.18
2026-06-03,7,23.4225
2026-06-03,8,16.965
2026-06-03,9,0.5225
2026-06-03,10,-0.005
2026-06-03,11,-0.01
2026-06-03,12,-0.01
2026-06-03,13,-0.030000000000000002
2026-06-03,14,-0.01
2026-06-03,15,-0.1
2026-06-03,16,-0.1
2026-06-03,17,-0.0075
2026-06-03,18,1.15
2026-06-03,19,24.505
2026-06-03,20,19.0625
2026-06-03,21,10.6625
2026-06-03,22,21.71
2026-06-03,23,11.332500000000001
2026-06-04,0,8.3925
2026-06-04,1,7.7025
2026-06-04,2,3.785
2026-06-04,3,0.0
2026-06-04,4,0.0
2026-06-04,5,0.1925
2026-06-04,6,7.3125
2026-06-04,7,14.7525
2026-06-04,8,31.0125
2026-06-04,9,13.8425
2026-06-04,10,0.1275
2026-06-04,11,-0.0025
2026-06-04,12,-0.0025
2026-06-04,13,-0.01
2026-06-04,14,-0.01
2026-06-04,15,-0.01
2026-06-04,16,-0.015
2026-06-04,17,-0.01
2026-06-04,18,0.125
2026-06-04,19,2.82
2026-06-04,20,13.075
2026-06-04,21,12.850000000000001
2026-06-04,22,33.1525
2026-06-04,23,46.0875
2026-06-05,0,14.1
2026-06-05,1,24.11
2026-06-05,2,10.6975
2026-06-05,3,5.6850000000000005
2026-06-05,4,0.0
2026-06-05,5,9.975
2026-06-05,6,21.075
2026-06-05,7,42.8775
2026-06-05,8,57.175
2026-06-05,9,19.5425
2026-06-05,10,3.2925
2026-06-05,11,0.6174999999999999
2026-06-05,12,2.0825
2026-06-05,13,1.1975
2026-06-05,14,0.9974999999999999
2026-06-05,15,0.6174999999999999
2026-06-05,16,0.715
2026-06-05,17,8.5075
2026-06-05,18,21.6475
2026-06-05,19,67.51
2026-06-05,20,102.995
2026-06-05,21,113.61500000000001
2026-06-05,22,128.3425
2026-06-05,23,123.11500000000001
2026-06-06,0,77.705
2026-06-06,1,41.915
2026-06-06,2,13.540000000000001
2026-06-06,3,56.625
2026-06-06,4,8.35
2026-06-06,5,17.815
2026-06-06,6,17.645
2026-06-06,7,14.355
2026-06-06,8,8.379999999999999
2026-06-06,9,0.0
2026-06-06,10,-0.030000000000000002
2026-06-06,11,-0.1075
2026-06-06,12,-0.0675
2026-06-06,13,-0.05
2026-06-06,14,-0.1
2026-06-06,15,-0.11
2026-06-06,16,-0.1075
2026-06-06,17,-0.01
2026-06-06,18,0.435
2026-06-06,19,13.59
2026-06-06,20,24.072499999999998
2026-06-06,21,25.615
2026-06-06,22,51.652499999999996
2026-06-06,23,30.755000000000003
2026-06-07,0,14.9825
2026-06-07,1,16.4525
2026-06-07,2,17.065
2026-06-07,3,9.0
2026-06-07,4,7.5625
2026-06-07,5,8.12
2026-06-07,6,5.0975
2026-06-07,7,0.46
2026-06-07,8,-0.5499999999999999
2026-06-07,9,-5.0425
2026-06-07,10,-8.0
2026-06-07,11,-14.0425
2026-06-07,12,-18.2625
2026-06-07,13,-35.86
2026-06-07,14,-44.6575
2026-06-07,15,-36.3025
2026-06-07,16,-15.9275
2026-06-07,17,-1.125
2026-06-07,18,0.575
2026-06-07,19,31.564999999999998
2026-06-07,20,87.495
2026-06-07,21,92.7025
2026-06-07,22,114.86500000000001
2026-06-07,23,103.0
2026-06-08,0,64.7625
2026-06-08,1,44.0275
2026-06-08,2,23.67
2026-06-08,3,21.295
2026-06-08,4,37.56
2026-06-08,5,22.23
2026-06-08,6,17.7275
2026-06-08,7,62.545
2026-06-08,8,79.93
2026-06-08,9,49.28
2026-06-08,10,26.197499999999998
2026-06-08,11,14.9925
2026-06-08,12,9.855
2026-06-08,13,2.6175
2026-06-08,14,1.12
2026-06-08,15,0.13
2026-06-08,16,0.0025
2026-06-08,17,1.035
2026-06-08,18,7.5825
2026-06-08,19,32.457499999999996
2026-06-08,20,41.895
2026-06-08,21,13.635
2026-06-08,22,47.12
2026-06-08,23,51.615
2026-06-09,0,50.06
2026-06-09,1,44.6975
2026-06-09,2,33.255
2026-06-09,3,28.6
2026-06-09,4,19.6075
2026-06-09,5,22.52
2026-06-09,6,48.5675
2026-06-09,7,65.73
2026-06-09,8,44.005
2026-06-09,9,3.2600000000000002
2026-06-09,10,-0.0075
2026-06-09,11,-0.025
2026-06-09,12,-0.01
2026-06-09,13,-0.01
2026-06-09,14,-0.01
2026-06-09,15,-0.01
2026-06-09,16,-0.0175
2026-06-09,17,-0.005
2026-06-09,18,4.9325
2026-06-09,19,31.6125
2026-06-09,20,80.69749999999999
2026-06-09,21,93.4
2026-06-09,22,117.67750000000001
2026-06-09,23,98.8125
2026-06-10,0,76.8225
2026-06-10,1,76.12
2026-06-10,2,58.59
2026-06-10,3,37.195
2026-06-10,4,36.317499999999995
2026-06-10,5,49.855
2026-06-10,6,51.4825
2026-06-10,7,68.4975
2026-06-10,8,45.47
2026-06-10,9,4.4975
2026-06-10,10,-0.0025
2026-06-10,11,-0.01
2026-06-10,12,-0.01
2026-06-10,13,-0.015
2026-06-10,14,-0.025
2026-06-10,15,-0.0975
2026-06-10,16,-0.11
2026-06-10,17,-0.02
2026-06-10,18,0.21
2026-06-10,19,16.3125
2026-06-10,20,54.760000000000005
2026-06-10,21,72.795
2026-06-10,22,81.5
2026-06-10,23,73.525
2026-06-11,0,33.4075
2026-06-11,1,11.879999999999999
2026-06-11,2,22.2025
2026-06-11,3,3.6125
2026-06-11,4,5.0
2026-06-11,5,17.4325
2026-06-11,6,14.12
2026-06-11,7,48.1575
2026-06-11,8,23.66
2026-06-11,9,1.6125
2026-06-11,10,-0.0025
2026-06-11,11,-0.0075
2026-06-11,12,-0.01
2026-06-11,13,-0.01
2026-06-11,14,-0.01
2026-06-11,15,-0.01
2026-06-11,16,-0.01
2026-06-11,17,0.0025
2026-06-11,18,5.3149999999999995
2026-06-11,19,21.9675
2026-06-11,20,18.5325
2026-06-11,21,13.055
2026-06-11,22,19.495
2026-06-11,23,19.995
2026-06-12,0,32.99
2026-06-12,1,27.4225
2026-06-12,2,13.585
2026-06-12,3,8.5975
2026-06-12,4,9.24
2026-06-12,5,11.0225
2026-06-12,6,26.555
2026-06-12,7,40.075
2026-06-12,8,18.3875
2026-06-12,9,0.2075
2026-06-12,10,-0.005
2026-06-12,11,-0.01
2026-06-12,12,-0.01
2026-06-12,13,-0.01
2026-06-12,14,-0.01
2026-06-12,15,-0.02
2026-06-12,16,-0.05
2026-06-12,17,-0.005
2026-06-12,18,5.08
2026-06-12,19,29.7275
2026-06-12,20,79.93
2026-06-12,21,104.08
2026-06-12,22,109.7925
2026-06-12,23,100.0075
2026-06-13,0,77.9125
2026-06-13,1,70.2125
2026-06-13,2,48.8925
2026-06-13,3,33.4675
2026-06-13,4,29.677500000000002
2026-06-13,5,29.2325
2026-06-13,6,24.18
2026-06-13,7,13.655
2026-06-13,8,0.32749999999999996
2026-06-13,9,-1.1075
2026-06-13,10,-4.9175
2026-06-13,11,-15.647499999999999
2026-06-13,12,-27.4225
2026-06-13,13,-45.8675
2026-06-13,14,-44.995000000000005
2026-06-13,15,-31.4775
2026-06-13,16,-18.425
2026-06-13,17,-3.7675
2026-06-13,18,3.4925
2026-06-13,19,41.440000000000005
2026-06-13,20,85.76
2026-06-13,21,99.0625
2026-06-13,22,111.1575
2026-06-13,23,99.82249999999999
2026-06-14,0,75.25
2026-06-14,1,52.69
2026-06-14,2,37.59
2026-06-14,3,31.505
2026-06-14,4,29.5625
2026-06-14,5,22.43
2026-06-14,6,7.785
2026-06-14,7,0.45999999999999996
2026-06-14,8,-0.34750000000000003
2026-06-14,9,-2.8325
2026-06-14,10,-6.37
2026-06-14,11,-9.2875
2026-06-14,12,-14.9925
2026-06-14,13,-23.4225
2026-06-14,14,-24.865
2026-06-14,15,-19.32
2026-06-14,16,-8.805
2026-06-14,17,-1.4974999999999998
2026-06-14,18,6.300000000000001
2026-06-14,19,64.4225
2026-06-14,20,109.5175
2026-06-14,21,113.61500000000001
2026-06-14,22,118.945
2026-06-14,23,109.49000000000001
2026-06-15,0,103.53
2026-06-15,1,95.39
2026-06-15,2,81.6625
2026-06-15,3,70.20750000000001
2026-06-15,4,77.93
2026-06-15,5,90.0
2026-06-15,6,106.635
2026-06-15,7,112.9075
2026-06-15,8,104.95750000000001
2026-06-15,9,71.2775
2026-06-15,10,19.0
2026-06-15,11,3.4699999999999998
2026-06-15,12,0.9924999999999999
2026-06-15,13,0.42
2026-06-15,14,0.9575
2026-06-15,15,0.755
2026-06-15,16,8.915000000000001
2026-06-15,17,48.2975
2026-06-15,18,96.0375
2026-06-15,19,132.6125
2026-06-15,20,149.5075
2026-06-15,21,155.9
2026-06-15,22,153.7925
2026-06-15,23,135.065
2026-06-16,0,120.31
2026-06-16,1,116.855
2026-06-16,2,108.2025
2026-06-16,3,100.245
2026-06-16,4,89.0825
2026-06-16,5,107.5
2026-06-16,6,127.9925
2026-06-16,7,131.695
2026-06-16,8,125.3025
2026-06-16,9,93.685
2026-06-16,10,65.88
2026-06-16,11,48.3375
2026-06-16,12,42.575
2026-06-16,13,22.7075
2026-06-16,14,23.75
2026-06-16,15,32.1125
2026-06-16,16,46.175
2026-06-16,17,64.4975
2026-06-16,18,102.1475
2026-06-16,19,139.15
2026-06-16,20,141.5
2026-06-16,21,149.8975
2026-06-16,22,153.23000000000002
2026-06-16,23,139.495
2026-06-17,0,132.9025
2026-06-17,1,126.69
2026-06-17,2,123.7775
2026-06-17,3,120.38749999999999
2026-06-17,4,117.235
2026-06-17,5,121.375
2026-06-17,6,116.2975
2026-06-17,7,115.2375
2026-06-17,8,104.65
2026-06-17,9,90.2
2026-06-17,10,61.83
2026-06-17,11,49.84
2026-06-17,12,41.5575
2026-06-17,13,8.85
2026-06-17,14,29.8625
2026-06-17,15,40.235
2026-06-17,16,52.79
2026-06-17,17,84.2375
2026-06-17,18,111.615
2026-06-17,19,132.995
2026-06-17,20,140.57999999999998
2026-06-17,21,150.9925
2026-06-17,22,151.49
2026-06-17,23,134.13
2026-06-18,0,120.85
2026-06-18,1,116.48
2026-06-18,2,111.87
2026-06-18,3,98.3525
2026-06-18,4,98.2775
2026-06-18,5,104.72999999999999
2026-06-18,6,119.57
2026-06-18,7,127.15249999999999
2026-06-18,8,116.5375
2026-06-18,9,94.125
2026-06-18,10,61.1575
2026-06-18,11,27.317500000000003
2026-06-18,12,28.247500000000002
2026-06-18,13,18.29
2026-06-18,14,25.9
2026-06-18,15,48.097500000000004
2026-06-18,16,71.58
2026-06-18,17,99.2225
2026-06-18,18,118.0075
2026-06-18,19,120.025
2026-06-18,20,127.335
2026-06-18,21,133.2225
2026-06-18,22,138.9
2026-06-18,23,128.37
2026-06-19,0,122.14750000000001
2026-06-19,1,118.8225
2026-06-19,2,105.015
2026-06-19,3,104.55000000000001
2026-06-19,4,85.0375
2026-06-19,5,101.36
2026-06-19,6,101.685
2026-06-19,7,119.7625
2026-06-19,8,104.1
2026-06-19,9,72.5475
2026-06-19,10,37.985
2026-06-19,11,26.405
2026-06-19,12,15.0
2026-06-19,13,6.705
2026-06-19,14,12.11
2026-06-19,15,17.3825
2026-06-19,16,25.155
2026-06-19,17,67.5775
2026-06-19,18,102.7675
2026-06-19,19,107.625
2026-06-19,20,128.6525
2026-06-19,21,142.215
2026-06-19,22,148.4675
2026-06-19,23,135.2125
2026-06-20,0,123.925
2026-06-20,1,120.9525
2026-06-20,2,118.6
2026-06-20,3,111.4225
2026-06-20,4,109.2125
2026-06-20,5,98.62
2026-06-20,6,102.5925
2026-06-20,7,99.0525
2026-06-20,8,74.705
2026-06-20,9,26.474999999999998
2026-06-20,10,4.125
2026-06-20,11,-0.0025
2026-06-20,12,-0.01
2026-06-20,13,-0.0175
2026-06-20,14,-0.01
2026-06-20,15,0.25
2026-06-20,16,13.1675
2026-06-20,17,55.0
2026-06-20,18,109.9
2026-06-20,19,100.52
2026-06-20,20,110.06
2026-06-20,21,123.08
2026-06-20,22,129.0775
2026-06-20,23,121.8475
2026-06-21,0,118.355
2026-06-21,1,114.2125
2026-06-21,2,107.3875
2026-06-21,3,87.8175
2026-06-21,4,80.745
2026-06-21,5,65.7
2026-06-21,6,63.6
2026-06-21,7,59.775
2026-06-21,8,19.95
2026-06-21,9,0.2125
2026-06-21,10,1.3624999999999998
2026-06-21,11,-0.0025
2026-06-21,12,-0.0075
2026-06-21,13,-0.01
2026-06-21,14,-0.005
2026-06-21,15,0.0075
2026-06-21,16,8.1875
2026-06-21,17,26.12
2026-06-21,18,93.38250000000001
2026-06-21,19,110.99
2026-06-21,20,123.015
2026-06-21,21,131.355
2026-06-21,22,139.2875
2026-06-21,23,127.4375
